report_title,report_url,pdf_filename,page_number,row_number,code_rayon_d_action,credit_montant,credit_percent,depots_montant,depots_percent,nombre_guichets,periode,rayon_d_action
Répartition par rayon d'action des dépôts et crédits 02-2026,https://www.bkam.ma/content/download/846706/9157395/Répartition par région  des dépôts et crédits 02-2026.pdf,Répartition par région  des dépôts et crédits 02-2026.pdf,1,1,8,42942222,3.56,86451366,6.34,458,02-2026,AGADIR
Répartition par rayon d'action des dépôts et crédits 02-2026,https://www.bkam.ma/content/download/846706/9157395/Répartition par région  des dépôts et crédits 02-2026.pdf,Répartition par région  des dépôts et crédits 02-2026.pdf,1,2,12,1466042,0.12,12153067,0.89,58,02-2026,ALHOCEIMA
Répartition par rayon d'action des dépôts et crédits 02-2026,https://www.bkam.ma/content/download/846706/9157395/Répartition par région  des dépôts et crédits 02-2026.pdf,Répartition par région  des dépôts et crédits 02-2026.pdf,1,3,16,9892331,0.82,48818635,3.58,233,02-2026,BENIMELLAL
Répartition par rayon d'action des dépôts et crédits 02-2026,https://www.bkam.ma/content/download/846706/9157395/Répartition par région  des dépôts et crédits 02-2026.pdf,Répartition par région  des dépôts et crédits 02-2026.pdf,1,4,25,779959432,64.7,459765536,33.74,1219,02-2026,SUCCURSALEDECASABLANCA
Répartition par rayon d'action des dépôts et crédits 02-2026,https://www.bkam.ma/content/download/846706/9157395/Répartition par région  des dépôts et crédits 02-2026.pdf,Répartition par région  des dépôts et crédits 02-2026.pdf,1,5,28,12001395,1.0,16192221,1.19,100,02-2026,LAAYOUNE
Répartition par rayon d'action des dépôts et crédits 02-2026,https://www.bkam.ma/content/download/846706/9157395/Répartition par région  des dépôts et crédits 02-2026.pdf,Répartition par région  des dépôts et crédits 02-2026.pdf,1,6,30,11540943,0.96,22710113,1.67,137,02-2026,ELJADIDA
Répartition par rayon d'action des dépôts et crédits 02-2026,https://www.bkam.ma/content/download/846706/9157395/Répartition par région  des dépôts et crédits 02-2026.pdf,Répartition par région  des dépôts et crédits 02-2026.pdf,1,7,35,21894234,1.82,57088398,4.19,333,02-2026,FES
Répartition par rayon d'action des dépôts et crédits 02-2026,https://www.bkam.ma/content/download/846706/9157395/Répartition par région  des dépôts et crédits 02-2026.pdf,Répartition par région  des dépôts et crédits 02-2026.pdf,1,8,45,15165591,1.26,31681960,2.33,164,02-2026,KENITRA
Répartition par rayon d'action des dépôts et crédits 02-2026,https://www.bkam.ma/content/download/846706/9157395/Répartition par région  des dépôts et crédits 02-2026.pdf,Répartition par région  des dépôts et crédits 02-2026.pdf,1,9,55,4979540,0.41,13480546,0.99,63,02-2026,LARACHE
Répartition par rayon d'action des dépôts et crédits 02-2026,https://www.bkam.ma/content/download/846706/9157395/Répartition par région  des dépôts et crédits 02-2026.pdf,Répartition par région  des dépôts et crédits 02-2026.pdf,1,10,60,35660217,2.96,83744529,6.15,363,02-2026,MARRAKECH
Répartition par rayon d'action des dépôts et crédits 02-2026,https://www.bkam.ma/content/download/846706/9157395/Répartition par région  des dépôts et crédits 02-2026.pdf,Répartition par région  des dépôts et crédits 02-2026.pdf,1,11,63,25228741,2.09,58161288,4.27,375,02-2026,MEKNES
Répartition par rayon d'action des dépôts et crédits 02-2026,https://www.bkam.ma/content/download/846706/9157395/Répartition par région  des dépôts et crédits 02-2026.pdf,Répartition par région  des dépôts et crédits 02-2026.pdf,1,12,66,6093786,0.51,53571741,3.93,180,02-2026,NADOR
Répartition par rayon d'action des dépôts et crédits 02-2026,https://www.bkam.ma/content/download/846706/9157395/Répartition par région  des dépôts et crédits 02-2026.pdf,Répartition par région  des dépôts et crédits 02-2026.pdf,1,13,70,1893554,0.16,10300736,0.76,68,02-2026,OUARZAZATE
Répartition par rayon d'action des dépôts et crédits 02-2026,https://www.bkam.ma/content/download/846706/9157395/Répartition par région  des dépôts et crédits 02-2026.pdf,Répartition par région  des dépôts et crédits 02-2026.pdf,1,14,73,13753320,1.14,52916126,3.88,277,02-2026,OUJDA
Répartition par rayon d'action des dépôts et crédits 02-2026,https://www.bkam.ma/content/download/846706/9157395/Répartition par région  des dépôts et crédits 02-2026.pdf,Répartition par région  des dépôts et crédits 02-2026.pdf,1,15,78,170256896,14.12,204006862,14.97,587,02-2026,SUCCURSALEDERABAT
Répartition par rayon d'action des dépôts et crédits 02-2026,https://www.bkam.ma/content/download/846706/9157395/Répartition par région  des dépôts et crédits 02-2026.pdf,Répartition par région  des dépôts et crédits 02-2026.pdf,1,16,80,7085881,0.59,17552438,1.29,109,02-2026,SAFI
Répartition par rayon d'action des dépôts et crédits 02-2026,https://www.bkam.ma/content/download/846706/9157395/Répartition par région  des dépôts et crédits 02-2026.pdf,Répartition par région  des dépôts et crédits 02-2026.pdf,1,17,83,8774009,0.73,21394471,1.57,133,02-2026,SETTAT
Répartition par rayon d'action des dépôts et crédits 02-2026,https://www.bkam.ma/content/download/846706/9157395/Répartition par région  des dépôts et crédits 02-2026.pdf,Répartition par région  des dépôts et crédits 02-2026.pdf,1,18,86,25515760,2.12,67245867,4.94,249,02-2026,TANGER
Répartition par rayon d'action des dépôts et crédits 02-2026,https://www.bkam.ma/content/download/846706/9157395/Répartition par région  des dépôts et crédits 02-2026.pdf,Répartition par région  des dépôts et crédits 02-2026.pdf,1,19,88,3669075,0.3,16236456,1.19,94,02-2026,TAZA
Répartition par rayon d'action des dépôts et crédits 02-2026,https://www.bkam.ma/content/download/846706/9157395/Répartition par région  des dépôts et crédits 02-2026.pdf,Répartition par région  des dépôts et crédits 02-2026.pdf,1,20,96,7821206,0.65,29120857,2.14,132,02-2026,TETOUAN
Répartition par rayon d'action des dépôts et crédits 01-2026,https://www.bkam.ma/content/download/846705/9157393/Répartition par région  des dépôts et crédits 01-2026.pdf,Répartition par région  des dépôts et crédits 01-2026.pdf,1,1,8,43213950,3.56,85817498,6.29,458,01-2026,AGADIR
Répartition par rayon d'action des dépôts et crédits 01-2026,https://www.bkam.ma/content/download/846705/9157393/Répartition par région  des dépôts et crédits 01-2026.pdf,Répartition par région  des dépôts et crédits 01-2026.pdf,1,2,12,1448927,0.12,12143565,0.89,58,01-2026,ALHOCEIMA
Répartition par rayon d'action des dépôts et crédits 01-2026,https://www.bkam.ma/content/download/846705/9157393/Répartition par région  des dépôts et crédits 01-2026.pdf,Répartition par région  des dépôts et crédits 01-2026.pdf,1,3,16,9830825,0.81,48495366,3.55,233,01-2026,BENIMELLAL
Répartition par rayon d'action des dépôts et crédits 01-2026,https://www.bkam.ma/content/download/846705/9157393/Répartition par région  des dépôts et crédits 01-2026.pdf,Répartition par région  des dépôts et crédits 01-2026.pdf,1,4,25,793659052,65.37,468519587,34.34,1219,01-2026,SUCCURSALEDECASABLANCA
Répartition par rayon d'action des dépôts et crédits 01-2026,https://www.bkam.ma/content/download/846705/9157393/Répartition par région  des dépôts et crédits 01-2026.pdf,Répartition par région  des dépôts et crédits 01-2026.pdf,1,5,28,8197837,0.68,16449833,1.21,100,01-2026,LAAYOUNE
Répartition par rayon d'action des dépôts et crédits 01-2026,https://www.bkam.ma/content/download/846705/9157393/Répartition par région  des dépôts et crédits 01-2026.pdf,Répartition par région  des dépôts et crédits 01-2026.pdf,1,6,30,11683523,0.96,22668976,1.66,137,01-2026,ELJADIDA
Répartition par rayon d'action des dépôts et crédits 01-2026,https://www.bkam.ma/content/download/846705/9157393/Répartition par région  des dépôts et crédits 01-2026.pdf,Répartition par région  des dépôts et crédits 01-2026.pdf,1,7,35,21936065,1.81,56814405,4.16,333,01-2026,FES
Répartition par rayon d'action des dépôts et crédits 01-2026,https://www.bkam.ma/content/download/846705/9157393/Répartition par région  des dépôts et crédits 01-2026.pdf,Répartition par région  des dépôts et crédits 01-2026.pdf,1,8,45,15111810,1.24,31337974,2.3,164,01-2026,KENITRA
Répartition par rayon d'action des dépôts et crédits 01-2026,https://www.bkam.ma/content/download/846705/9157393/Répartition par région  des dépôts et crédits 01-2026.pdf,Répartition par région  des dépôts et crédits 01-2026.pdf,1,9,55,4978358,0.41,13426041,0.98,63,01-2026,LARACHE
Répartition par rayon d'action des dépôts et crédits 01-2026,https://www.bkam.ma/content/download/846705/9157393/Répartition par région  des dépôts et crédits 01-2026.pdf,Répartition par région  des dépôts et crédits 01-2026.pdf,1,10,60,35658803,2.94,83467745,6.12,363,01-2026,MARRAKECH
Répartition par rayon d'action des dépôts et crédits 01-2026,https://www.bkam.ma/content/download/846705/9157393/Répartition par région  des dépôts et crédits 01-2026.pdf,Répartition par région  des dépôts et crédits 01-2026.pdf,1,11,63,25262439,2.08,58074495,4.26,375,01-2026,MEKNES
Répartition par rayon d'action des dépôts et crédits 01-2026,https://www.bkam.ma/content/download/846705/9157393/Répartition par région  des dépôts et crédits 01-2026.pdf,Répartition par région  des dépôts et crédits 01-2026.pdf,1,12,66,6081572,0.5,53415670,3.92,180,01-2026,NADOR
Répartition par rayon d'action des dépôts et crédits 01-2026,https://www.bkam.ma/content/download/846705/9157393/Répartition par région  des dépôts et crédits 01-2026.pdf,Répartition par région  des dépôts et crédits 01-2026.pdf,1,13,70,1869317,0.15,10312011,0.76,68,01-2026,OUARZAZATE
Répartition par rayon d'action des dépôts et crédits 01-2026,https://www.bkam.ma/content/download/846705/9157393/Répartition par région  des dépôts et crédits 01-2026.pdf,Répartition par région  des dépôts et crédits 01-2026.pdf,1,14,73,13796501,1.14,52606045,3.86,277,01-2026,OUJDA
Répartition par rayon d'action des dépôts et crédits 01-2026,https://www.bkam.ma/content/download/846705/9157393/Répartition par région  des dépôts et crédits 01-2026.pdf,Répartition par région  des dépôts et crédits 01-2026.pdf,1,15,78,168630149,13.89,199022445,14.59,587,01-2026,SUCCURSALEDERABAT
Répartition par rayon d'action des dépôts et crédits 01-2026,https://www.bkam.ma/content/download/846705/9157393/Répartition par région  des dépôts et crédits 01-2026.pdf,Répartition par région  des dépôts et crédits 01-2026.pdf,1,16,80,7084086,0.58,17467422,1.28,109,01-2026,SAFI
Répartition par rayon d'action des dépôts et crédits 01-2026,https://www.bkam.ma/content/download/846705/9157393/Répartition par région  des dépôts et crédits 01-2026.pdf,Répartition par région  des dépôts et crédits 01-2026.pdf,1,17,83,8676187,0.71,21226807,1.56,133,01-2026,SETTAT
Répartition par rayon d'action des dépôts et crédits 01-2026,https://www.bkam.ma/content/download/846705/9157393/Répartition par région  des dépôts et crédits 01-2026.pdf,Répartition par région  des dépôts et crédits 01-2026.pdf,1,18,86,25511637,2.1,67893205,4.98,249,01-2026,TANGER
Répartition par rayon d'action des dépôts et crédits 01-2026,https://www.bkam.ma/content/download/846705/9157393/Répartition par région  des dépôts et crédits 01-2026.pdf,Répartition par région  des dépôts et crédits 01-2026.pdf,1,19,88,3661810,0.3,16188477,1.19,94,01-2026,TAZA
Répartition par rayon d'action des dépôts et crédits 01-2026,https://www.bkam.ma/content/download/846705/9157393/Répartition par région  des dépôts et crédits 01-2026.pdf,Répartition par région  des dépôts et crédits 01-2026.pdf,1,20,96,7789381,0.64,29002338,2.13,132,01-2026,TETOUAN
Répartition par rayon d'action des dépôts et crédits 12-2025,https://www.bkam.ma/content/download/839596/9109241/Répartition par rayon d'action des dépôts et crédits 12 2025.pdf,Répartition par rayon d'action des dépôts et crédits 12 2025.pdf,1,1,8,44647378,3.58,86373132,6.3,457,12-2025,AGADIR
Répartition par rayon d'action des dépôts et crédits 12-2025,https://www.bkam.ma/content/download/839596/9109241/Répartition par rayon d'action des dépôts et crédits 12 2025.pdf,Répartition par rayon d'action des dépôts et crédits 12 2025.pdf,1,2,12,1492476,0.12,12165836,0.89,58,12-2025,ALHOCEIMA
Répartition par rayon d'action des dépôts et crédits 12-2025,https://www.bkam.ma/content/download/839596/9109241/Répartition par rayon d'action des dépôts et crédits 12 2025.pdf,Répartition par rayon d'action des dépôts et crédits 12 2025.pdf,1,3,16,9940914,0.8,48231419,3.52,233,12-2025,BENIMELLAL
Répartition par rayon d'action des dépôts et crédits 12-2025,https://www.bkam.ma/content/download/839596/9109241/Répartition par rayon d'action des dépôts et crédits 12 2025.pdf,Répartition par rayon d'action des dépôts et crédits 12 2025.pdf,1,4,25,806123414,64.7,478196086,34.88,1219,12-2025,SUCCURSALEDECASABLANCA
Répartition par rayon d'action des dépôts et crédits 12-2025,https://www.bkam.ma/content/download/839596/9109241/Répartition par rayon d'action des dépôts et crédits 12 2025.pdf,Répartition par rayon d'action des dépôts et crédits 12 2025.pdf,1,5,28,12204801,0.98,15968056,1.16,100,12-2025,LAAYOUNE
Répartition par rayon d'action des dépôts et crédits 12-2025,https://www.bkam.ma/content/download/839596/9109241/Répartition par rayon d'action des dépôts et crédits 12 2025.pdf,Répartition par rayon d'action des dépôts et crédits 12 2025.pdf,1,6,30,11743620,0.94,22585805,1.65,137,12-2025,ELJADIDA
Répartition par rayon d'action des dépôts et crédits 12-2025,https://www.bkam.ma/content/download/839596/9109241/Répartition par rayon d'action des dépôts et crédits 12 2025.pdf,Répartition par rayon d'action des dépôts et crédits 12 2025.pdf,1,7,35,22157395,1.78,56547669,4.12,333,12-2025,FES
Répartition par rayon d'action des dépôts et crédits 12-2025,https://www.bkam.ma/content/download/839596/9109241/Répartition par rayon d'action des dépôts et crédits 12 2025.pdf,Répartition par rayon d'action des dépôts et crédits 12 2025.pdf,1,8,45,15021527,1.21,31146966,2.27,164,12-2025,KENITRA
Répartition par rayon d'action des dépôts et crédits 12-2025,https://www.bkam.ma/content/download/839596/9109241/Répartition par rayon d'action des dépôts et crédits 12 2025.pdf,Répartition par rayon d'action des dépôts et crédits 12 2025.pdf,1,9,55,5006175,0.4,13503298,0.98,63,12-2025,LARACHE
Répartition par rayon d'action des dépôts et crédits 12-2025,https://www.bkam.ma/content/download/839596/9109241/Répartition par rayon d'action des dépôts et crédits 12 2025.pdf,Répartition par rayon d'action des dépôts et crédits 12 2025.pdf,1,10,60,36194967,2.9,84557126,6.17,363,12-2025,MARRAKECH
Répartition par rayon d'action des dépôts et crédits 12-2025,https://www.bkam.ma/content/download/839596/9109241/Répartition par rayon d'action des dépôts et crédits 12 2025.pdf,Répartition par rayon d'action des dépôts et crédits 12 2025.pdf,1,11,63,25793795,2.07,57658514,4.21,375,12-2025,MEKNES
Répartition par rayon d'action des dépôts et crédits 12-2025,https://www.bkam.ma/content/download/839596/9109241/Répartition par rayon d'action des dépôts et crédits 12 2025.pdf,Répartition par rayon d'action des dépôts et crédits 12 2025.pdf,1,12,66,6050017,0.49,52961617,3.86,180,12-2025,NADOR
Répartition par rayon d'action des dépôts et crédits 12-2025,https://www.bkam.ma/content/download/839596/9109241/Répartition par rayon d'action des dépôts et crédits 12 2025.pdf,Répartition par rayon d'action des dépôts et crédits 12 2025.pdf,1,13,70,1884224,0.15,10146987,0.74,68,12-2025,OUARZAZATE
Répartition par rayon d'action des dépôts et crédits 12-2025,https://www.bkam.ma/content/download/839596/9109241/Répartition par rayon d'action des dépôts et crédits 12 2025.pdf,Répartition par rayon d'action des dépôts et crédits 12 2025.pdf,1,14,73,13905314,1.12,52507357,3.83,277,12-2025,OUJDA
Répartition par rayon d'action des dépôts et crédits 12-2025,https://www.bkam.ma/content/download/839596/9109241/Répartition par rayon d'action des dépôts et crédits 12 2025.pdf,Répartition par rayon d'action des dépôts et crédits 12 2025.pdf,1,15,78,180920072,14.52,197442269,14.4,587,12-2025,SUCCURSALEDERABAT
Répartition par rayon d'action des dépôts et crédits 12-2025,https://www.bkam.ma/content/download/839596/9109241/Répartition par rayon d'action des dépôts et crédits 12 2025.pdf,Répartition par rayon d'action des dépôts et crédits 12 2025.pdf,1,16,80,7176298,0.58,17716157,1.29,109,12-2025,SAFI
Répartition par rayon d'action des dépôts et crédits 12-2025,https://www.bkam.ma/content/download/839596/9109241/Répartition par rayon d'action des dépôts et crédits 12 2025.pdf,Répartition par rayon d'action des dépôts et crédits 12 2025.pdf,1,17,83,8768595,0.7,21005529,1.53,133,12-2025,SETTAT
Répartition par rayon d'action des dépôts et crédits 12-2025,https://www.bkam.ma/content/download/839596/9109241/Répartition par rayon d'action des dépôts et crédits 12 2025.pdf,Répartition par rayon d'action des dépôts et crédits 12 2025.pdf,1,18,86,25481980,2.05,67436873,4.92,249,12-2025,TANGER
Répartition par rayon d'action des dépôts et crédits 12-2025,https://www.bkam.ma/content/download/839596/9109241/Répartition par rayon d'action des dépôts et crédits 12 2025.pdf,Répartition par rayon d'action des dépôts et crédits 12 2025.pdf,1,19,88,3662177,0.29,16061385,1.17,94,12-2025,TAZA
Répartition par rayon d'action des dépôts et crédits 12-2025,https://www.bkam.ma/content/download/839596/9109241/Répartition par rayon d'action des dépôts et crédits 12 2025.pdf,Répartition par rayon d'action des dépôts et crédits 12 2025.pdf,1,20,96,7811552,0.63,28753923,2.1,132,12-2025,TETOUAN
Répartition par rayon d'action des dépôts et crédits 11-2025,https://www.bkam.ma/content/download/839595/9109239/Répartition par rayon d'action des dépôts et crédits 11 2025.pdf,Répartition par rayon d'action des dépôts et crédits 11 2025.pdf,1,1,8,42455629,3.61,83921104,6.32,457,11-2025,AGADIR
Répartition par rayon d'action des dépôts et crédits 11-2025,https://www.bkam.ma/content/download/839595/9109239/Répartition par rayon d'action des dépôts et crédits 11 2025.pdf,Répartition par rayon d'action des dépôts et crédits 11 2025.pdf,1,2,12,1459787,0.12,12061609,0.91,58,11-2025,ALHOCEIMA
Répartition par rayon d'action des dépôts et crédits 11-2025,https://www.bkam.ma/content/download/839595/9109239/Répartition par rayon d'action des dépôts et crédits 11 2025.pdf,Répartition par rayon d'action des dépôts et crédits 11 2025.pdf,1,3,16,9972703,0.85,47505862,3.58,233,11-2025,BENIMELLAL
Répartition par rayon d'action des dépôts et crédits 11-2025,https://www.bkam.ma/content/download/839595/9109239/Répartition par rayon d'action des dépôts et crédits 11 2025.pdf,Répartition par rayon d'action des dépôts et crédits 11 2025.pdf,1,4,25,747477052,63.55,450615658,33.91,1220,11-2025,SUCCURSALEDECASABLANCA
Répartition par rayon d'action des dépôts et crédits 11-2025,https://www.bkam.ma/content/download/839595/9109239/Répartition par rayon d'action des dépôts et crédits 11 2025.pdf,Répartition par rayon d'action des dépôts et crédits 11 2025.pdf,1,5,28,12090826,1.03,15726071,1.18,100,11-2025,LAAYOUNE
Répartition par rayon d'action des dépôts et crédits 11-2025,https://www.bkam.ma/content/download/839595/9109239/Répartition par rayon d'action des dépôts et crédits 11 2025.pdf,Répartition par rayon d'action des dépôts et crédits 11 2025.pdf,1,6,30,11754076,1.0,22280374,1.68,137,11-2025,ELJADIDA
Répartition par rayon d'action des dépôts et crédits 11-2025,https://www.bkam.ma/content/download/839595/9109239/Répartition par rayon d'action des dépôts et crédits 11 2025.pdf,Répartition par rayon d'action des dépôts et crédits 11 2025.pdf,1,7,35,22994702,1.95,55596230,4.18,336,11-2025,FES
Répartition par rayon d'action des dépôts et crédits 11-2025,https://www.bkam.ma/content/download/839595/9109239/Répartition par rayon d'action des dépôts et crédits 11 2025.pdf,Répartition par rayon d'action des dépôts et crédits 11 2025.pdf,1,8,45,14829125,1.26,30489831,2.29,166,11-2025,KENITRA
Répartition par rayon d'action des dépôts et crédits 11-2025,https://www.bkam.ma/content/download/839595/9109239/Répartition par rayon d'action des dépôts et crédits 11 2025.pdf,Répartition par rayon d'action des dépôts et crédits 11 2025.pdf,1,9,55,4898553,0.42,13436840,1.01,63,11-2025,LARACHE
Répartition par rayon d'action des dépôts et crédits 11-2025,https://www.bkam.ma/content/download/839595/9109239/Répartition par rayon d'action des dépôts et crédits 11 2025.pdf,Répartition par rayon d'action des dépôts et crédits 11 2025.pdf,1,10,60,35518246,3.02,81748157,6.15,361,11-2025,MARRAKECH
Répartition par rayon d'action des dépôts et crédits 11-2025,https://www.bkam.ma/content/download/839595/9109239/Répartition par rayon d'action des dépôts et crédits 11 2025.pdf,Répartition par rayon d'action des dépôts et crédits 11 2025.pdf,1,11,63,25688683,2.18,57095412,4.3,378,11-2025,MEKNES
Répartition par rayon d'action des dépôts et crédits 11-2025,https://www.bkam.ma/content/download/839595/9109239/Répartition par rayon d'action des dépôts et crédits 11 2025.pdf,Répartition par rayon d'action des dépôts et crédits 11 2025.pdf,1,12,66,5988604,0.51,52613509,3.96,179,11-2025,NADOR
Répartition par rayon d'action des dépôts et crédits 11-2025,https://www.bkam.ma/content/download/839595/9109239/Répartition par rayon d'action des dépôts et crédits 11 2025.pdf,Répartition par rayon d'action des dépôts et crédits 11 2025.pdf,1,13,70,1872367,0.16,9973866,0.75,68,11-2025,OUARZAZATE
Répartition par rayon d'action des dépôts et crédits 11-2025,https://www.bkam.ma/content/download/839595/9109239/Répartition par rayon d'action des dépôts et crédits 11 2025.pdf,Répartition par rayon d'action des dépôts et crédits 11 2025.pdf,1,14,73,13810488,1.17,51901884,3.91,279,11-2025,OUJDA
Répartition par rayon d'action des dépôts et crédits 11-2025,https://www.bkam.ma/content/download/839595/9109239/Répartition par rayon d'action des dépôts et crédits 11 2025.pdf,Répartition par rayon d'action des dépôts et crédits 11 2025.pdf,1,15,78,172765849,14.69,194700094,14.65,588,11-2025,SUCCURSALEDERABAT
Répartition par rayon d'action des dépôts et crédits 11-2025,https://www.bkam.ma/content/download/839595/9109239/Répartition par rayon d'action des dépôts et crédits 11 2025.pdf,Répartition par rayon d'action des dépôts et crédits 11 2025.pdf,1,16,80,7090905,0.6,17165362,1.29,109,11-2025,SAFI
Répartition par rayon d'action des dépôts et crédits 11-2025,https://www.bkam.ma/content/download/839595/9109239/Répartition par rayon d'action des dépôts et crédits 11 2025.pdf,Répartition par rayon d'action des dépôts et crédits 11 2025.pdf,1,17,83,8729096,0.74,20819381,1.57,133,11-2025,SETTAT
Répartition par rayon d'action des dépôts et crédits 11-2025,https://www.bkam.ma/content/download/839595/9109239/Répartition par rayon d'action des dépôts et crédits 11 2025.pdf,Répartition par rayon d'action des dépôts et crédits 11 2025.pdf,1,18,86,25275667,2.15,66613452,5.01,250,11-2025,TANGER
Répartition par rayon d'action des dépôts et crédits 11-2025,https://www.bkam.ma/content/download/839595/9109239/Répartition par rayon d'action des dépôts et crédits 11 2025.pdf,Répartition par rayon d'action des dépôts et crédits 11 2025.pdf,1,19,88,3683447,0.31,15884339,1.2,94,11-2025,TAZA
Répartition par rayon d'action des dépôts et crédits 11-2025,https://www.bkam.ma/content/download/839595/9109239/Répartition par rayon d'action des dépôts et crédits 11 2025.pdf,Répartition par rayon d'action des dépôts et crédits 11 2025.pdf,1,20,96,7878545,0.67,28522171,2.15,132,11-2025,TETOUAN
Répartition par rayon d'action des dépôts et crédits 10-2025,https://www.bkam.ma/content/download/839594/9109237/Répartition par rayon d'action des dépôts et crédits 10 2025.pdf,Répartition par rayon d'action des dépôts et crédits 10 2025.pdf,1,1,8,42056504,3.58,83437661,6.37,459,10-2025,AGADIR
Répartition par rayon d'action des dépôts et crédits 10-2025,https://www.bkam.ma/content/download/839594/9109237/Répartition par rayon d'action des dépôts et crédits 10 2025.pdf,Répartition par rayon d'action des dépôts et crédits 10 2025.pdf,1,2,12,1459377,0.12,12003701,0.92,60,10-2025,ALHOCEIMA
Répartition par rayon d'action des dépôts et crédits 10-2025,https://www.bkam.ma/content/download/839594/9109237/Répartition par rayon d'action des dépôts et crédits 10 2025.pdf,Répartition par rayon d'action des dépôts et crédits 10 2025.pdf,1,3,16,9969465,0.85,47398096,3.62,237,10-2025,BENIMELLAL
Répartition par rayon d'action des dépôts et crédits 10-2025,https://www.bkam.ma/content/download/839594/9109237/Répartition par rayon d'action des dépôts et crédits 10 2025.pdf,Répartition par rayon d'action des dépôts et crédits 10 2025.pdf,1,4,25,754433909,64.2,439780882,33.55,1227,10-2025,SUCCURSALEDECASABLANCA
Répartition par rayon d'action des dépôts et crédits 10-2025,https://www.bkam.ma/content/download/839594/9109237/Répartition par rayon d'action des dépôts et crédits 10 2025.pdf,Répartition par rayon d'action des dépôts et crédits 10 2025.pdf,1,5,28,12089092,1.03,15101625,1.15,101,10-2025,LAAYOUNE
Répartition par rayon d'action des dépôts et crédits 10-2025,https://www.bkam.ma/content/download/839594/9109237/Répartition par rayon d'action des dépôts et crédits 10 2025.pdf,Répartition par rayon d'action des dépôts et crédits 10 2025.pdf,1,6,30,11379525,0.97,22446111,1.71,138,10-2025,ELJADIDA
Répartition par rayon d'action des dépôts et crédits 10-2025,https://www.bkam.ma/content/download/839594/9109237/Répartition par rayon d'action des dépôts et crédits 10 2025.pdf,Répartition par rayon d'action des dépôts et crédits 10 2025.pdf,1,7,35,22726869,1.93,54851583,4.19,346,10-2025,FES
Répartition par rayon d'action des dépôts et crédits 10-2025,https://www.bkam.ma/content/download/839594/9109237/Répartition par rayon d'action des dépôts et crédits 10 2025.pdf,Répartition par rayon d'action des dépôts et crédits 10 2025.pdf,1,8,45,14715100,1.25,30350253,2.32,166,10-2025,KENITRA
Répartition par rayon d'action des dépôts et crédits 10-2025,https://www.bkam.ma/content/download/839594/9109237/Répartition par rayon d'action des dépôts et crédits 10 2025.pdf,Répartition par rayon d'action des dépôts et crédits 10 2025.pdf,1,9,55,4795180,0.41,13471776,1.03,63,10-2025,LARACHE
Répartition par rayon d'action des dépôts et crédits 10-2025,https://www.bkam.ma/content/download/839594/9109237/Répartition par rayon d'action des dépôts et crédits 10 2025.pdf,Répartition par rayon d'action des dépôts et crédits 10 2025.pdf,1,10,60,35176935,2.99,80935616,6.18,362,10-2025,MARRAKECH
Répartition par rayon d'action des dépôts et crédits 10-2025,https://www.bkam.ma/content/download/839594/9109237/Répartition par rayon d'action des dépôts et crédits 10 2025.pdf,Répartition par rayon d'action des dépôts et crédits 10 2025.pdf,1,11,63,25797719,2.2,56531821,4.31,381,10-2025,MEKNES
Répartition par rayon d'action des dépôts et crédits 10-2025,https://www.bkam.ma/content/download/839594/9109237/Répartition par rayon d'action des dépôts et crédits 10 2025.pdf,Répartition par rayon d'action des dépôts et crédits 10 2025.pdf,1,12,66,5950110,0.51,52358646,3.99,181,10-2025,NADOR
Répartition par rayon d'action des dépôts et crédits 10-2025,https://www.bkam.ma/content/download/839594/9109237/Répartition par rayon d'action des dépôts et crédits 10 2025.pdf,Répartition par rayon d'action des dépôts et crédits 10 2025.pdf,1,13,70,1873432,0.16,9808302,0.75,68,10-2025,OUARZAZATE
Répartition par rayon d'action des dépôts et crédits 10-2025,https://www.bkam.ma/content/download/839594/9109237/Répartition par rayon d'action des dépôts et crédits 10 2025.pdf,Répartition par rayon d'action des dépôts et crédits 10 2025.pdf,1,14,73,13529350,1.15,51586474,3.94,281,10-2025,OUJDA
Répartition par rayon d'action des dépôts et crédits 10-2025,https://www.bkam.ma/content/download/839594/9109237/Répartition par rayon d'action des dépôts et crédits 10 2025.pdf,Répartition par rayon d'action des dépôts et crédits 10 2025.pdf,1,15,78,167117256,14.22,192554785,14.69,592,10-2025,SUCCURSALEDERABAT
Répartition par rayon d'action des dépôts et crédits 10-2025,https://www.bkam.ma/content/download/839594/9109237/Répartition par rayon d'action des dépôts et crédits 10 2025.pdf,Répartition par rayon d'action des dépôts et crédits 10 2025.pdf,1,16,80,7043140,0.6,16999141,1.3,109,10-2025,SAFI
Répartition par rayon d'action des dépôts et crédits 10-2025,https://www.bkam.ma/content/download/839594/9109237/Répartition par rayon d'action des dépôts et crédits 10 2025.pdf,Répartition par rayon d'action des dépôts et crédits 10 2025.pdf,1,17,83,8577510,0.73,20667816,1.58,136,10-2025,SETTAT
Répartition par rayon d'action des dépôts et crédits 10-2025,https://www.bkam.ma/content/download/839594/9109237/Répartition par rayon d'action des dépôts et crédits 10 2025.pdf,Répartition par rayon d'action des dépôts et crédits 10 2025.pdf,1,18,86,25066335,2.13,66247745,5.05,250,10-2025,TANGER
Répartition par rayon d'action des dépôts et crédits 10-2025,https://www.bkam.ma/content/download/839594/9109237/Répartition par rayon d'action des dépôts et crédits 10 2025.pdf,Répartition par rayon d'action des dépôts et crédits 10 2025.pdf,1,19,88,3684682,0.31,15809630,1.21,95,10-2025,TAZA
Répartition par rayon d'action des dépôts et crédits 10-2025,https://www.bkam.ma/content/download/839594/9109237/Répartition par rayon d'action des dépôts et crédits 10 2025.pdf,Répartition par rayon d'action des dépôts et crédits 10 2025.pdf,1,20,96,7762846,0.66,28325960,2.16,133,10-2025,TETOUAN
Répartition par rayon d'action des dépôts et crédits 09-2025,https://www.bkam.ma/content/download/835654/9082784/Répartition par rayon d'action des dépôts et crédits 09 2025.pdf,Répartition par rayon d'action des dépôts et crédits 09 2025.pdf,1,1,8,42682420,3.62,83678155,6.34,459,09-2025,AGADIR
Répartition par rayon d'action des dépôts et crédits 09-2025,https://www.bkam.ma/content/download/835654/9082784/Répartition par rayon d'action des dépôts et crédits 09 2025.pdf,Répartition par rayon d'action des dépôts et crédits 09 2025.pdf,1,2,12,1440773,0.12,11981093,0.91,61,09-2025,ALHOCEIMA
Répartition par rayon d'action des dépôts et crédits 09-2025,https://www.bkam.ma/content/download/835654/9082784/Répartition par rayon d'action des dépôts et crédits 09 2025.pdf,Répartition par rayon d'action des dépôts et crédits 09 2025.pdf,1,3,16,9950616,0.84,47409595,3.59,241,09-2025,BENIMELLAL
Répartition par rayon d'action des dépôts et crédits 09-2025,https://www.bkam.ma/content/download/835654/9082784/Répartition par rayon d'action des dépôts et crédits 09 2025.pdf,Répartition par rayon d'action des dépôts et crédits 09 2025.pdf,1,4,25,753291840,63.94,448827469,33.98,1231,09-2025,SUCCURSALEDECASABLANCA
Répartition par rayon d'action des dépôts et crédits 09-2025,https://www.bkam.ma/content/download/835654/9082784/Répartition par rayon d'action des dépôts et crédits 09 2025.pdf,Répartition par rayon d'action des dépôts et crédits 09 2025.pdf,1,5,28,12136663,1.03,14960156,1.13,101,09-2025,LAAYOUNE
Répartition par rayon d'action des dépôts et crédits 09-2025,https://www.bkam.ma/content/download/835654/9082784/Répartition par rayon d'action des dépôts et crédits 09 2025.pdf,Répartition par rayon d'action des dépôts et crédits 09 2025.pdf,1,6,30,11532502,0.98,22208991,1.68,138,09-2025,ELJADIDA
Répartition par rayon d'action des dépôts et crédits 09-2025,https://www.bkam.ma/content/download/835654/9082784/Répartition par rayon d'action des dépôts et crédits 09 2025.pdf,Répartition par rayon d'action des dépôts et crédits 09 2025.pdf,1,7,35,23137356,1.96,54905316,4.16,346,09-2025,FES
Répartition par rayon d'action des dépôts et crédits 09-2025,https://www.bkam.ma/content/download/835654/9082784/Répartition par rayon d'action des dépôts et crédits 09 2025.pdf,Répartition par rayon d'action des dépôts et crédits 09 2025.pdf,1,8,45,14800746,1.26,30465031,2.31,166,09-2025,KENITRA
Répartition par rayon d'action des dépôts et crédits 09-2025,https://www.bkam.ma/content/download/835654/9082784/Répartition par rayon d'action des dépôts et crédits 09 2025.pdf,Répartition par rayon d'action des dépôts et crédits 09 2025.pdf,1,9,55,4816250,0.41,13505006,1.02,63,09-2025,LARACHE
Répartition par rayon d'action des dépôts et crédits 09-2025,https://www.bkam.ma/content/download/835654/9082784/Répartition par rayon d'action des dépôts et crédits 09 2025.pdf,Répartition par rayon d'action des dépôts et crédits 09 2025.pdf,1,10,60,35712983,3.03,81416523,6.16,365,09-2025,MARRAKECH
Répartition par rayon d'action des dépôts et crédits 09-2025,https://www.bkam.ma/content/download/835654/9082784/Répartition par rayon d'action des dépôts et crédits 09 2025.pdf,Répartition par rayon d'action des dépôts et crédits 09 2025.pdf,1,11,63,26092526,2.21,56058032,4.24,381,09-2025,MEKNES
Répartition par rayon d'action des dépôts et crédits 09-2025,https://www.bkam.ma/content/download/835654/9082784/Répartition par rayon d'action des dépôts et crédits 09 2025.pdf,Répartition par rayon d'action des dépôts et crédits 09 2025.pdf,1,12,66,5960887,0.51,52269760,3.96,183,09-2025,NADOR
Répartition par rayon d'action des dépôts et crédits 09-2025,https://www.bkam.ma/content/download/835654/9082784/Répartition par rayon d'action des dépôts et crédits 09 2025.pdf,Répartition par rayon d'action des dépôts et crédits 09 2025.pdf,1,13,70,1845517,0.16,9635363,0.73,68,09-2025,OUARZAZATE
Répartition par rayon d'action des dépôts et crédits 09-2025,https://www.bkam.ma/content/download/835654/9082784/Répartition par rayon d'action des dépôts et crédits 09 2025.pdf,Répartition par rayon d'action des dépôts et crédits 09 2025.pdf,1,14,73,13700206,1.16,51412071,3.89,281,09-2025,OUJDA
Répartition par rayon d'action des dépôts et crédits 09-2025,https://www.bkam.ma/content/download/835654/9082784/Répartition par rayon d'action des dépôts et crédits 09 2025.pdf,Répartition par rayon d'action des dépôts et crédits 09 2025.pdf,1,15,78,168487490,14.3,193747846,14.67,593,09-2025,SUCCURSALEDERABAT
Répartition par rayon d'action des dépôts et crédits 09-2025,https://www.bkam.ma/content/download/835654/9082784/Répartition par rayon d'action des dépôts et crédits 09 2025.pdf,Répartition par rayon d'action des dépôts et crédits 09 2025.pdf,1,16,80,7012234,0.6,17319179,1.31,109,09-2025,SAFI
Répartition par rayon d'action des dépôts et crédits 09-2025,https://www.bkam.ma/content/download/835654/9082784/Répartition par rayon d'action des dépôts et crédits 09 2025.pdf,Répartition par rayon d'action des dépôts et crédits 09 2025.pdf,1,17,83,8772450,0.74,20554498,1.56,137,09-2025,SETTAT
Répartition par rayon d'action des dépôts et crédits 09-2025,https://www.bkam.ma/content/download/835654/9082784/Répartition par rayon d'action des dépôts et crédits 09 2025.pdf,Répartition par rayon d'action des dépôts et crédits 09 2025.pdf,1,18,86,25329062,2.15,66328909,5.02,250,09-2025,TANGER
Répartition par rayon d'action des dépôts et crédits 09-2025,https://www.bkam.ma/content/download/835654/9082784/Répartition par rayon d'action des dépôts et crédits 09 2025.pdf,Répartition par rayon d'action des dépôts et crédits 09 2025.pdf,1,19,88,3694002,0.31,15763778,1.19,95,09-2025,TAZA
Répartition par rayon d'action des dépôts et crédits 09-2025,https://www.bkam.ma/content/download/835654/9082784/Répartition par rayon d'action des dépôts et crédits 09 2025.pdf,Répartition par rayon d'action des dépôts et crédits 09 2025.pdf,1,20,96,7793653,0.66,28283130,2.14,133,09-2025,TETOUAN
Répartition par rayon d'action des dépôts et crédits 08-2025,https://www.bkam.ma/content/download/835653/9082782/Répartition par rayon d'action des dépôts et crédits 08 2025.pdf,Répartition par rayon d'action des dépôts et crédits 08 2025.pdf,1,1,8,42507363,3.69,83281047,6.34,459,08-2025,AGADIR
Répartition par rayon d'action des dépôts et crédits 08-2025,https://www.bkam.ma/content/download/835653/9082782/Répartition par rayon d'action des dépôts et crédits 08 2025.pdf,Répartition par rayon d'action des dépôts et crédits 08 2025.pdf,1,2,12,1458212,0.13,11848825,0.9,61,08-2025,ALHOCEIMA
Répartition par rayon d'action des dépôts et crédits 08-2025,https://www.bkam.ma/content/download/835653/9082782/Répartition par rayon d'action des dépôts et crédits 08 2025.pdf,Répartition par rayon d'action des dépôts et crédits 08 2025.pdf,1,3,16,9902714,0.86,46923218,3.57,241,08-2025,BENIMELLAL
Répartition par rayon d'action des dépôts et crédits 08-2025,https://www.bkam.ma/content/download/835653/9082782/Répartition par rayon d'action des dépôts et crédits 08 2025.pdf,Répartition par rayon d'action des dépôts et crédits 08 2025.pdf,1,4,25,729884135,63.39,449456204,34.22,1241,08-2025,SUCCURSALEDECASABLANCA
Répartition par rayon d'action des dépôts et crédits 08-2025,https://www.bkam.ma/content/download/835653/9082782/Répartition par rayon d'action des dépôts et crédits 08 2025.pdf,Répartition par rayon d'action des dépôts et crédits 08 2025.pdf,1,5,28,12141402,1.05,14159889,1.08,101,08-2025,LAAYOUNE
Répartition par rayon d'action des dépôts et crédits 08-2025,https://www.bkam.ma/content/download/835653/9082782/Répartition par rayon d'action des dépôts et crédits 08 2025.pdf,Répartition par rayon d'action des dépôts et crédits 08 2025.pdf,1,6,30,11617834,1.01,22026668,1.68,138,08-2025,ELJADIDA
Répartition par rayon d'action des dépôts et crédits 08-2025,https://www.bkam.ma/content/download/835653/9082782/Répartition par rayon d'action des dépôts et crédits 08 2025.pdf,Répartition par rayon d'action des dépôts et crédits 08 2025.pdf,1,7,35,23100151,2.01,54670070,4.16,346,08-2025,FES
Répartition par rayon d'action des dépôts et crédits 08-2025,https://www.bkam.ma/content/download/835653/9082782/Répartition par rayon d'action des dépôts et crédits 08 2025.pdf,Répartition par rayon d'action des dépôts et crédits 08 2025.pdf,1,8,45,14579623,1.27,30666637,2.33,166,08-2025,KENITRA
Répartition par rayon d'action des dépôts et crédits 08-2025,https://www.bkam.ma/content/download/835653/9082782/Répartition par rayon d'action des dépôts et crédits 08 2025.pdf,Répartition par rayon d'action des dépôts et crédits 08 2025.pdf,1,9,55,4723262,0.41,13447207,1.02,63,08-2025,LARACHE
Répartition par rayon d'action des dépôts et crédits 08-2025,https://www.bkam.ma/content/download/835653/9082782/Répartition par rayon d'action des dépôts et crédits 08 2025.pdf,Répartition par rayon d'action des dépôts et crédits 08 2025.pdf,1,10,60,35601590,3.09,79482736,6.05,365,08-2025,MARRAKECH
Répartition par rayon d'action des dépôts et crédits 08-2025,https://www.bkam.ma/content/download/835653/9082782/Répartition par rayon d'action des dépôts et crédits 08 2025.pdf,Répartition par rayon d'action des dépôts et crédits 08 2025.pdf,1,11,63,25832523,2.24,55754613,4.24,381,08-2025,MEKNES
Répartition par rayon d'action des dépôts et crédits 08-2025,https://www.bkam.ma/content/download/835653/9082782/Répartition par rayon d'action des dépôts et crédits 08 2025.pdf,Répartition par rayon d'action des dépôts et crédits 08 2025.pdf,1,12,66,5950945,0.52,51692752,3.94,183,08-2025,NADOR
Répartition par rayon d'action des dépôts et crédits 08-2025,https://www.bkam.ma/content/download/835653/9082782/Répartition par rayon d'action des dépôts et crédits 08 2025.pdf,Répartition par rayon d'action des dépôts et crédits 08 2025.pdf,1,13,70,1833564,0.16,9690349,0.74,68,08-2025,OUARZAZATE
Répartition par rayon d'action des dépôts et crédits 08-2025,https://www.bkam.ma/content/download/835653/9082782/Répartition par rayon d'action des dépôts et crédits 08 2025.pdf,Répartition par rayon d'action des dépôts et crédits 08 2025.pdf,1,14,73,13653056,1.19,50644496,3.86,282,08-2025,OUJDA
Répartition par rayon d'action des dépôts et crédits 08-2025,https://www.bkam.ma/content/download/835653/9082782/Répartition par rayon d'action des dépôts et crédits 08 2025.pdf,Répartition par rayon d'action des dépôts et crédits 08 2025.pdf,1,15,78,166017331,14.42,192371262,14.65,596,08-2025,SUCCURSALEDERABAT
Répartition par rayon d'action des dépôts et crédits 08-2025,https://www.bkam.ma/content/download/835653/9082782/Répartition par rayon d'action des dépôts et crédits 08 2025.pdf,Répartition par rayon d'action des dépôts et crédits 08 2025.pdf,1,16,80,7053126,0.61,17111496,1.3,109,08-2025,SAFI
Répartition par rayon d'action des dépôts et crédits 08-2025,https://www.bkam.ma/content/download/835653/9082782/Répartition par rayon d'action des dépôts et crédits 08 2025.pdf,Répartition par rayon d'action des dépôts et crédits 08 2025.pdf,1,17,83,8743547,0.76,20536319,1.56,138,08-2025,SETTAT
Répartition par rayon d'action des dépôts et crédits 08-2025,https://www.bkam.ma/content/download/835653/9082782/Répartition par rayon d'action des dépôts et crédits 08 2025.pdf,Répartition par rayon d'action des dépôts et crédits 08 2025.pdf,1,18,86,25311830,2.2,66103956,5.03,252,08-2025,TANGER
Répartition par rayon d'action des dépôts et crédits 08-2025,https://www.bkam.ma/content/download/835653/9082782/Répartition par rayon d'action des dépôts et crédits 08 2025.pdf,Répartition par rayon d'action des dépôts et crédits 08 2025.pdf,1,19,88,3686668,0.32,15653327,1.19,95,08-2025,TAZA
Répartition par rayon d'action des dépôts et crédits 08-2025,https://www.bkam.ma/content/download/835653/9082782/Répartition par rayon d'action des dépôts et crédits 08 2025.pdf,Répartition par rayon d'action des dépôts et crédits 08 2025.pdf,1,20,96,7784587,0.68,27952397,2.13,133,08-2025,TETOUAN
Répartition par rayon d'action des dépôts et crédits 07-2025,https://www.bkam.ma/content/download/835652/9082780/Répartition par rayon d'action des dépôts et crédits 07 2025.pdf,Répartition par rayon d'action des dépôts et crédits 07 2025.pdf,1,1,8,42726123,3.69,82844732,6.26,458,07-2025,AGADIR
Répartition par rayon d'action des dépôts et crédits 07-2025,https://www.bkam.ma/content/download/835652/9082780/Répartition par rayon d'action des dépôts et crédits 07 2025.pdf,Répartition par rayon d'action des dépôts et crédits 07 2025.pdf,1,2,12,1484046,0.13,11580815,0.87,61,07-2025,ALHOCEIMA
Répartition par rayon d'action des dépôts et crédits 07-2025,https://www.bkam.ma/content/download/835652/9082780/Répartition par rayon d'action des dépôts et crédits 07 2025.pdf,Répartition par rayon d'action des dépôts et crédits 07 2025.pdf,1,3,16,9985673,0.86,46751302,3.53,241,07-2025,BENIMELLAL
Répartition par rayon d'action des dépôts et crédits 07-2025,https://www.bkam.ma/content/download/835652/9082780/Répartition par rayon d'action des dépôts et crédits 07 2025.pdf,Répartition par rayon d'action des dépôts et crédits 07 2025.pdf,1,4,25,735169517,63.48,460836108,34.81,1241,07-2025,SUCCURSALEDECASABLANCA
Répartition par rayon d'action des dépôts et crédits 07-2025,https://www.bkam.ma/content/download/835652/9082780/Répartition par rayon d'action des dépôts et crédits 07 2025.pdf,Répartition par rayon d'action des dépôts et crédits 07 2025.pdf,1,5,28,12255473,1.06,14243563,1.08,100,07-2025,LAAYOUNE
Répartition par rayon d'action des dépôts et crédits 07-2025,https://www.bkam.ma/content/download/835652/9082780/Répartition par rayon d'action des dépôts et crédits 07 2025.pdf,Répartition par rayon d'action des dépôts et crédits 07 2025.pdf,1,6,30,11697576,1.01,22035876,1.66,138,07-2025,ELJADIDA
Répartition par rayon d'action des dépôts et crédits 07-2025,https://www.bkam.ma/content/download/835652/9082780/Répartition par rayon d'action des dépôts et crédits 07 2025.pdf,Répartition par rayon d'action des dépôts et crédits 07 2025.pdf,1,7,35,23183148,2.0,53986782,4.08,346,07-2025,FES
Répartition par rayon d'action des dépôts et crédits 07-2025,https://www.bkam.ma/content/download/835652/9082780/Répartition par rayon d'action des dépôts et crédits 07 2025.pdf,Répartition par rayon d'action des dépôts et crédits 07 2025.pdf,1,8,45,14614306,1.26,30555946,2.31,167,07-2025,KENITRA
Répartition par rayon d'action des dépôts et crédits 07-2025,https://www.bkam.ma/content/download/835652/9082780/Répartition par rayon d'action des dépôts et crédits 07 2025.pdf,Répartition par rayon d'action des dépôts et crédits 07 2025.pdf,1,9,55,4712493,0.41,13306499,1.01,63,07-2025,LARACHE
Répartition par rayon d'action des dépôts et crédits 07-2025,https://www.bkam.ma/content/download/835652/9082780/Répartition par rayon d'action des dépôts et crédits 07 2025.pdf,Répartition par rayon d'action des dépôts et crédits 07 2025.pdf,1,10,60,35477865,3.06,78947762,5.96,363,07-2025,MARRAKECH
Répartition par rayon d'action des dépôts et crédits 07-2025,https://www.bkam.ma/content/download/835652/9082780/Répartition par rayon d'action des dépôts et crédits 07 2025.pdf,Répartition par rayon d'action des dépôts et crédits 07 2025.pdf,1,11,63,25903658,2.24,55525552,4.19,381,07-2025,MEKNES
Répartition par rayon d'action des dépôts et crédits 07-2025,https://www.bkam.ma/content/download/835652/9082780/Répartition par rayon d'action des dépôts et crédits 07 2025.pdf,Répartition par rayon d'action des dépôts et crédits 07 2025.pdf,1,12,66,5993660,0.52,51005793,3.85,183,07-2025,NADOR
Répartition par rayon d'action des dépôts et crédits 07-2025,https://www.bkam.ma/content/download/835652/9082780/Répartition par rayon d'action des dépôts et crédits 07 2025.pdf,Répartition par rayon d'action des dépôts et crédits 07 2025.pdf,1,13,70,1839970,0.16,9736455,0.74,68,07-2025,OUARZAZATE
Répartition par rayon d'action des dépôts et crédits 07-2025,https://www.bkam.ma/content/download/835652/9082780/Répartition par rayon d'action des dépôts et crédits 07 2025.pdf,Répartition par rayon d'action des dépôts et crédits 07 2025.pdf,1,14,73,13739222,1.19,50294532,3.8,282,07-2025,OUJDA
Répartition par rayon d'action des dépôts et crédits 07-2025,https://www.bkam.ma/content/download/835652/9082780/Répartition par rayon d'action des dépôts et crédits 07 2025.pdf,Répartition par rayon d'action des dépôts et crédits 07 2025.pdf,1,15,78,166582364,14.38,196351239,14.83,597,07-2025,SUCCURSALEDERABAT
Répartition par rayon d'action des dépôts et crédits 07-2025,https://www.bkam.ma/content/download/835652/9082780/Répartition par rayon d'action des dépôts et crédits 07 2025.pdf,Répartition par rayon d'action des dépôts et crédits 07 2025.pdf,1,16,80,7075569,0.61,16840218,1.27,109,07-2025,SAFI
Répartition par rayon d'action des dépôts et crédits 07-2025,https://www.bkam.ma/content/download/835652/9082780/Répartition par rayon d'action des dépôts et crédits 07 2025.pdf,Répartition par rayon d'action des dépôts et crédits 07 2025.pdf,1,17,83,8675824,0.75,20354235,1.54,138,07-2025,SETTAT
Répartition par rayon d'action des dépôts et crédits 07-2025,https://www.bkam.ma/content/download/835652/9082780/Répartition par rayon d'action des dépôts et crédits 07 2025.pdf,Répartition par rayon d'action des dépôts et crédits 07 2025.pdf,1,18,86,25425985,2.2,65675724,4.96,251,07-2025,TANGER
Répartition par rayon d'action des dépôts et crédits 07-2025,https://www.bkam.ma/content/download/835652/9082780/Répartition par rayon d'action des dépôts et crédits 07 2025.pdf,Répartition par rayon d'action des dépôts et crédits 07 2025.pdf,1,19,88,3668233,0.32,15561428,1.18,95,07-2025,TAZA
Répartition par rayon d'action des dépôts et crédits 07-2025,https://www.bkam.ma/content/download/835652/9082780/Répartition par rayon d'action des dépôts et crédits 07 2025.pdf,Répartition par rayon d'action des dépôts et crédits 07 2025.pdf,1,20,96,7819034,0.68,27286665,2.06,133,07-2025,TETOUAN
Répartition par rayon d'action des dépôts et crédits 06-2025,https://www.bkam.ma/content/download/830717/9049085/Répartition par rayon d'action des dépôts et crédits 06 2025.pdf,Répartition par rayon d'action des dépôts et crédits 06 2025.pdf,1,1,8,42761956,3.65,83523623,6.36,460,06-2025,AGADIR
Répartition par rayon d'action des dépôts et crédits 06-2025,https://www.bkam.ma/content/download/830717/9049085/Répartition par rayon d'action des dépôts et crédits 06 2025.pdf,Répartition par rayon d'action des dépôts et crédits 06 2025.pdf,1,2,12,1426358,0.12,11451061,0.87,61,06-2025,ALHOCEIMA
Répartition par rayon d'action des dépôts et crédits 06-2025,https://www.bkam.ma/content/download/830717/9049085/Répartition par rayon d'action des dépôts et crédits 06 2025.pdf,Répartition par rayon d'action des dépôts et crédits 06 2025.pdf,1,3,16,9830185,0.84,46477068,3.54,241,06-2025,BENIMELLAL
Répartition par rayon d'action des dépôts et crédits 06-2025,https://www.bkam.ma/content/download/830717/9049085/Répartition par rayon d'action des dépôts et crédits 06 2025.pdf,Répartition par rayon d'action des dépôts et crédits 06 2025.pdf,1,4,25,745207645,63.63,457848331,34.84,1241,06-2025,SUCCURSALEDECASABLANCA
Répartition par rayon d'action des dépôts et crédits 06-2025,https://www.bkam.ma/content/download/830717/9049085/Répartition par rayon d'action des dépôts et crédits 06 2025.pdf,Répartition par rayon d'action des dépôts et crédits 06 2025.pdf,1,5,28,12025733,1.03,13808087,1.05,101,06-2025,LAAYOUNE
Répartition par rayon d'action des dépôts et crédits 06-2025,https://www.bkam.ma/content/download/830717/9049085/Répartition par rayon d'action des dépôts et crédits 06 2025.pdf,Répartition par rayon d'action des dépôts et crédits 06 2025.pdf,1,6,30,11596206,0.99,21678025,1.65,138,06-2025,ELJADIDA
Répartition par rayon d'action des dépôts et crédits 06-2025,https://www.bkam.ma/content/download/830717/9049085/Répartition par rayon d'action des dépôts et crédits 06 2025.pdf,Répartition par rayon d'action des dépôts et crédits 06 2025.pdf,1,7,35,22940324,1.96,53708960,4.09,346,06-2025,FES
Répartition par rayon d'action des dépôts et crédits 06-2025,https://www.bkam.ma/content/download/830717/9049085/Répartition par rayon d'action des dépôts et crédits 06 2025.pdf,Répartition par rayon d'action des dépôts et crédits 06 2025.pdf,1,8,45,14513684,1.24,30744735,2.34,167,06-2025,KENITRA
Répartition par rayon d'action des dépôts et crédits 06-2025,https://www.bkam.ma/content/download/830717/9049085/Répartition par rayon d'action des dépôts et crédits 06 2025.pdf,Répartition par rayon d'action des dépôts et crédits 06 2025.pdf,1,9,55,4597166,0.39,13236104,1.01,63,06-2025,LARACHE
Répartition par rayon d'action des dépôts et crédits 06-2025,https://www.bkam.ma/content/download/830717/9049085/Répartition par rayon d'action des dépôts et crédits 06 2025.pdf,Répartition par rayon d'action des dépôts et crédits 06 2025.pdf,1,10,60,35236669,3.01,80622901,6.14,365,06-2025,MARRAKECH
Répartition par rayon d'action des dépôts et crédits 06-2025,https://www.bkam.ma/content/download/830717/9049085/Répartition par rayon d'action des dépôts et crédits 06 2025.pdf,Répartition par rayon d'action des dépôts et crédits 06 2025.pdf,1,11,63,25914566,2.21,55089065,4.19,381,06-2025,MEKNES
Répartition par rayon d'action des dépôts et crédits 06-2025,https://www.bkam.ma/content/download/830717/9049085/Répartition par rayon d'action des dépôts et crédits 06 2025.pdf,Répartition par rayon d'action des dépôts et crédits 06 2025.pdf,1,12,66,5862054,0.5,50666030,3.86,183,06-2025,NADOR
Répartition par rayon d'action des dépôts et crédits 06-2025,https://www.bkam.ma/content/download/830717/9049085/Répartition par rayon d'action des dépôts et crédits 06 2025.pdf,Répartition par rayon d'action des dépôts et crédits 06 2025.pdf,1,13,70,1817856,0.16,9633545,0.73,68,06-2025,OUARZAZATE
Répartition par rayon d'action des dépôts et crédits 06-2025,https://www.bkam.ma/content/download/830717/9049085/Répartition par rayon d'action des dépôts et crédits 06 2025.pdf,Répartition par rayon d'action des dépôts et crédits 06 2025.pdf,1,14,73,13683313,1.17,49859458,3.79,282,06-2025,OUJDA
Répartition par rayon d'action des dépôts et crédits 06-2025,https://www.bkam.ma/content/download/830717/9049085/Répartition par rayon d'action des dépôts et crédits 06 2025.pdf,Répartition par rayon d'action des dépôts et crédits 06 2025.pdf,1,15,78,171546592,14.65,192287391,14.63,597,06-2025,SUCCURSALEDERABAT
Répartition par rayon d'action des dépôts et crédits 06-2025,https://www.bkam.ma/content/download/830717/9049085/Répartition par rayon d'action des dépôts et crédits 06 2025.pdf,Répartition par rayon d'action des dépôts et crédits 06 2025.pdf,1,16,80,6962824,0.59,16777389,1.28,109,06-2025,SAFI
Répartition par rayon d'action des dépôts et crédits 06-2025,https://www.bkam.ma/content/download/830717/9049085/Répartition par rayon d'action des dépôts et crédits 06 2025.pdf,Répartition par rayon d'action des dépôts et crédits 06 2025.pdf,1,17,83,8733929,0.75,20074095,1.53,138,06-2025,SETTAT
Répartition par rayon d'action des dépôts et crédits 06-2025,https://www.bkam.ma/content/download/830717/9049085/Répartition par rayon d'action des dépôts et crédits 06 2025.pdf,Répartition par rayon d'action des dépôts et crédits 06 2025.pdf,1,18,86,25071440,2.14,64252978,4.89,252,06-2025,TANGER
Répartition par rayon d'action des dépôts et crédits 06-2025,https://www.bkam.ma/content/download/830717/9049085/Répartition par rayon d'action des dépôts et crédits 06 2025.pdf,Répartition par rayon d'action des dépôts et crédits 06 2025.pdf,1,19,88,3662918,0.31,15371051,1.17,95,06-2025,TAZA
Répartition par rayon d'action des dépôts et crédits 06-2025,https://www.bkam.ma/content/download/830717/9049085/Répartition par rayon d'action des dépôts et crédits 06 2025.pdf,Répartition par rayon d'action des dépôts et crédits 06 2025.pdf,1,20,96,7748049,0.66,26856484,2.04,133,06-2025,TETOUAN
Répartition par rayon d'action des dépôts et crédits 05-2025,https://www.bkam.ma/content/download/830716/9049083/Répartition par rayon d'action des dépôts et crédits 05 2025.pdf,Répartition par rayon d'action des dépôts et crédits 05 2025.pdf,1,1,8,42425922,3.72,82258067,6.4,461,05-2025,AGADIR
Répartition par rayon d'action des dépôts et crédits 05-2025,https://www.bkam.ma/content/download/830716/9049083/Répartition par rayon d'action des dépôts et crédits 05 2025.pdf,Répartition par rayon d'action des dépôts et crédits 05 2025.pdf,1,2,12,1473818,0.13,11364033,0.88,61,05-2025,ALHOCEIMA
Répartition par rayon d'action des dépôts et crédits 05-2025,https://www.bkam.ma/content/download/830716/9049083/Répartition par rayon d'action des dépôts et crédits 05 2025.pdf,Répartition par rayon d'action des dépôts et crédits 05 2025.pdf,1,3,16,9860101,0.87,46176460,3.59,241,05-2025,BENIMELLAL
Répartition par rayon d'action des dépôts et crédits 05-2025,https://www.bkam.ma/content/download/830716/9049083/Répartition par rayon d'action des dépôts et crédits 05 2025.pdf,Répartition par rayon d'action des dépôts et crédits 05 2025.pdf,1,4,25,714396262,62.71,441530996,34.35,1246,05-2025,SUCCURSALEDECASABLANCA
Répartition par rayon d'action des dépôts et crédits 05-2025,https://www.bkam.ma/content/download/830716/9049083/Répartition par rayon d'action des dépôts et crédits 05 2025.pdf,Répartition par rayon d'action des dépôts et crédits 05 2025.pdf,1,5,28,11992272,1.05,13822891,1.08,101,05-2025,LAAYOUNE
Répartition par rayon d'action des dépôts et crédits 05-2025,https://www.bkam.ma/content/download/830716/9049083/Répartition par rayon d'action des dépôts et crédits 05 2025.pdf,Répartition par rayon d'action des dépôts et crédits 05 2025.pdf,1,6,30,11544380,1.01,21502828,1.67,139,05-2025,ELJADIDA
Répartition par rayon d'action des dépôts et crédits 05-2025,https://www.bkam.ma/content/download/830716/9049083/Répartition par rayon d'action des dépôts et crédits 05 2025.pdf,Répartition par rayon d'action des dépôts et crédits 05 2025.pdf,1,7,35,23090826,2.03,52652881,4.1,347,05-2025,FES
Répartition par rayon d'action des dépôts et crédits 05-2025,https://www.bkam.ma/content/download/830716/9049083/Répartition par rayon d'action des dépôts et crédits 05 2025.pdf,Répartition par rayon d'action des dépôts et crédits 05 2025.pdf,1,8,45,14594548,1.28,30287561,2.36,167,05-2025,KENITRA
Répartition par rayon d'action des dépôts et crédits 05-2025,https://www.bkam.ma/content/download/830716/9049083/Répartition par rayon d'action des dépôts et crédits 05 2025.pdf,Répartition par rayon d'action des dépôts et crédits 05 2025.pdf,1,9,55,4598896,0.4,13097738,1.02,63,05-2025,LARACHE
Répartition par rayon d'action des dépôts et crédits 05-2025,https://www.bkam.ma/content/download/830716/9049083/Répartition par rayon d'action des dépôts et crédits 05 2025.pdf,Répartition par rayon d'action des dépôts et crédits 05 2025.pdf,1,10,60,35258693,3.1,80034440,6.23,370,05-2025,MARRAKECH
Répartition par rayon d'action des dépôts et crédits 05-2025,https://www.bkam.ma/content/download/830716/9049083/Répartition par rayon d'action des dépôts et crédits 05 2025.pdf,Répartition par rayon d'action des dépôts et crédits 05 2025.pdf,1,11,63,25887092,2.27,54626776,4.25,382,05-2025,MEKNES
Répartition par rayon d'action des dépôts et crédits 05-2025,https://www.bkam.ma/content/download/830716/9049083/Répartition par rayon d'action des dépôts et crédits 05 2025.pdf,Répartition par rayon d'action des dépôts et crédits 05 2025.pdf,1,12,66,5898828,0.52,50472550,3.93,183,05-2025,NADOR
Répartition par rayon d'action des dépôts et crédits 05-2025,https://www.bkam.ma/content/download/830716/9049083/Répartition par rayon d'action des dépôts et crédits 05 2025.pdf,Répartition par rayon d'action des dépôts et crédits 05 2025.pdf,1,13,70,1830292,0.16,9557608,0.74,68,05-2025,OUARZAZATE
Répartition par rayon d'action des dépôts et crédits 05-2025,https://www.bkam.ma/content/download/830716/9049083/Répartition par rayon d'action des dépôts et crédits 05 2025.pdf,Répartition par rayon d'action des dépôts et crédits 05 2025.pdf,1,14,73,13783823,1.21,49432984,3.85,282,05-2025,OUJDA
Répartition par rayon d'action des dépôts et crédits 05-2025,https://www.bkam.ma/content/download/830716/9049083/Répartition par rayon d'action des dépôts et crédits 05 2025.pdf,Répartition par rayon d'action des dépôts et crédits 05 2025.pdf,1,15,78,170081428,14.93,186604271,14.52,598,05-2025,SUCCURSALEDERABAT
Répartition par rayon d'action des dépôts et crédits 05-2025,https://www.bkam.ma/content/download/830716/9049083/Répartition par rayon d'action des dépôts et crédits 05 2025.pdf,Répartition par rayon d'action des dépôts et crédits 05 2025.pdf,1,16,80,7092153,0.62,16408630,1.28,110,05-2025,SAFI
Répartition par rayon d'action des dépôts et crédits 05-2025,https://www.bkam.ma/content/download/830716/9049083/Répartition par rayon d'action des dépôts et crédits 05 2025.pdf,Répartition par rayon d'action des dépôts et crédits 05 2025.pdf,1,17,83,8703192,0.76,20035643,1.56,138,05-2025,SETTAT
Répartition par rayon d'action des dépôts et crédits 05-2025,https://www.bkam.ma/content/download/830716/9049083/Répartition par rayon d'action des dépôts et crédits 05 2025.pdf,Répartition par rayon d'action des dépôts et crédits 05 2025.pdf,1,18,86,25164756,2.21,63842778,4.97,254,05-2025,TANGER
Répartition par rayon d'action des dépôts et crédits 05-2025,https://www.bkam.ma/content/download/830716/9049083/Répartition par rayon d'action des dépôts et crédits 05 2025.pdf,Répartition par rayon d'action des dépôts et crédits 05 2025.pdf,1,19,88,3686606,0.32,15222122,1.18,96,05-2025,TAZA
Répartition par rayon d'action des dépôts et crédits 05-2025,https://www.bkam.ma/content/download/830716/9049083/Répartition par rayon d'action des dépôts et crédits 05 2025.pdf,Répartition par rayon d'action des dépôts et crédits 05 2025.pdf,1,20,96,7815561,0.69,26602159,2.07,133,05-2025,TETOUAN
Répartition par rayon d'action des dépôts et crédits 04-2025,https://www.bkam.ma/content/download/830715/9049081/Répartition par rayon d'action des dépôts et crédits 04 2025.pdf,Répartition par rayon d'action des dépôts et crédits 04 2025.pdf,1,1,8,42890914,3.74,81511792,6.42,460,04-2025,AGADIR
Répartition par rayon d'action des dépôts et crédits 04-2025,https://www.bkam.ma/content/download/830715/9049081/Répartition par rayon d'action des dépôts et crédits 04 2025.pdf,Répartition par rayon d'action des dépôts et crédits 04 2025.pdf,1,2,12,1468392,0.13,11381018,0.9,61,04-2025,ALHOCEIMA
Répartition par rayon d'action des dépôts et crédits 04-2025,https://www.bkam.ma/content/download/830715/9049081/Répartition par rayon d'action des dépôts et crédits 04 2025.pdf,Répartition par rayon d'action des dépôts et crédits 04 2025.pdf,1,3,16,9925282,0.87,45956852,3.62,242,04-2025,BENIMELLAL
Répartition par rayon d'action des dépôts et crédits 04-2025,https://www.bkam.ma/content/download/830715/9049081/Répartition par rayon d'action des dépôts et crédits 04 2025.pdf,Répartition par rayon d'action des dépôts et crédits 04 2025.pdf,1,4,25,719002964,62.7,434947402,34.28,1247,04-2025,SUCCURSALEDECASABLANCA
Répartition par rayon d'action des dépôts et crédits 04-2025,https://www.bkam.ma/content/download/830715/9049081/Répartition par rayon d'action des dépôts et crédits 04 2025.pdf,Répartition par rayon d'action des dépôts et crédits 04 2025.pdf,1,5,28,12197953,1.06,14118518,1.11,100,04-2025,LAAYOUNE
Répartition par rayon d'action des dépôts et crédits 04-2025,https://www.bkam.ma/content/download/830715/9049081/Répartition par rayon d'action des dépôts et crédits 04 2025.pdf,Répartition par rayon d'action des dépôts et crédits 04 2025.pdf,1,6,30,11743058,1.02,21580156,1.7,139,04-2025,ELJADIDA
Répartition par rayon d'action des dépôts et crédits 04-2025,https://www.bkam.ma/content/download/830715/9049081/Répartition par rayon d'action des dépôts et crédits 04 2025.pdf,Répartition par rayon d'action des dépôts et crédits 04 2025.pdf,1,7,35,23152744,2.02,52407955,4.13,347,04-2025,FES
Répartition par rayon d'action des dépôts et crédits 04-2025,https://www.bkam.ma/content/download/830715/9049081/Répartition par rayon d'action des dépôts et crédits 04 2025.pdf,Répartition par rayon d'action des dépôts et crédits 04 2025.pdf,1,8,45,14538455,1.27,30005891,2.36,167,04-2025,KENITRA
Répartition par rayon d'action des dépôts et crédits 04-2025,https://www.bkam.ma/content/download/830715/9049081/Répartition par rayon d'action des dépôts et crédits 04 2025.pdf,Répartition par rayon d'action des dépôts et crédits 04 2025.pdf,1,9,55,4628597,0.4,13044948,1.03,64,04-2025,LARACHE
Répartition par rayon d'action des dépôts et crédits 04-2025,https://www.bkam.ma/content/download/830715/9049081/Répartition par rayon d'action des dépôts et crédits 04 2025.pdf,Répartition par rayon d'action des dépôts et crédits 04 2025.pdf,1,10,60,35347156,3.08,78303724,6.17,370,04-2025,MARRAKECH
Répartition par rayon d'action des dépôts et crédits 04-2025,https://www.bkam.ma/content/download/830715/9049081/Répartition par rayon d'action des dépôts et crédits 04 2025.pdf,Répartition par rayon d'action des dépôts et crédits 04 2025.pdf,1,11,63,25776247,2.25,54297275,4.28,382,04-2025,MEKNES
Répartition par rayon d'action des dépôts et crédits 04-2025,https://www.bkam.ma/content/download/830715/9049081/Répartition par rayon d'action des dépôts et crédits 04 2025.pdf,Répartition par rayon d'action des dépôts et crédits 04 2025.pdf,1,12,66,6033688,0.53,50766271,4.0,183,04-2025,NADOR
Répartition par rayon d'action des dépôts et crédits 04-2025,https://www.bkam.ma/content/download/830715/9049081/Répartition par rayon d'action des dépôts et crédits 04 2025.pdf,Répartition par rayon d'action des dépôts et crédits 04 2025.pdf,1,13,70,1841896,0.16,9474532,0.75,68,04-2025,OUARZAZATE
Répartition par rayon d'action des dépôts et crédits 04-2025,https://www.bkam.ma/content/download/830715/9049081/Répartition par rayon d'action des dépôts et crédits 04 2025.pdf,Répartition par rayon d'action des dépôts et crédits 04 2025.pdf,1,14,73,13874401,1.21,49289461,3.88,283,04-2025,OUJDA
Répartition par rayon d'action des dépôts et crédits 04-2025,https://www.bkam.ma/content/download/830715/9049081/Répartition par rayon d'action des dépôts et crédits 04 2025.pdf,Répartition par rayon d'action des dépôts et crédits 04 2025.pdf,1,15,78,170740396,14.89,180389449,14.22,598,04-2025,SUCCURSALEDERABAT
Répartition par rayon d'action des dépôts et crédits 04-2025,https://www.bkam.ma/content/download/830715/9049081/Répartition par rayon d'action des dépôts et crédits 04 2025.pdf,Répartition par rayon d'action des dépôts et crédits 04 2025.pdf,1,16,80,7341998,0.64,16269338,1.28,110,04-2025,SAFI
Répartition par rayon d'action des dépôts et crédits 04-2025,https://www.bkam.ma/content/download/830715/9049081/Répartition par rayon d'action des dépôts et crédits 04 2025.pdf,Répartition par rayon d'action des dépôts et crédits 04 2025.pdf,1,17,83,8734366,0.76,19927298,1.57,138,04-2025,SETTAT
Répartition par rayon d'action des dépôts et crédits 04-2025,https://www.bkam.ma/content/download/830715/9049081/Répartition par rayon d'action des dépôts et crédits 04 2025.pdf,Répartition par rayon d'action des dépôts et crédits 04 2025.pdf,1,18,86,25932426,2.26,63332152,4.99,254,04-2025,TANGER
Répartition par rayon d'action des dépôts et crédits 04-2025,https://www.bkam.ma/content/download/830715/9049081/Répartition par rayon d'action des dépôts et crédits 04 2025.pdf,Répartition par rayon d'action des dépôts et crédits 04 2025.pdf,1,19,88,3704254,0.32,15291281,1.21,96,04-2025,TAZA
Répartition par rayon d'action des dépôts et crédits 04-2025,https://www.bkam.ma/content/download/830715/9049081/Répartition par rayon d'action des dépôts et crédits 04 2025.pdf,Répartition par rayon d'action des dépôts et crédits 04 2025.pdf,1,20,96,7798472,0.68,26602309,2.1,134,04-2025,TETOUAN
Répartition par rayon d'action des dépôts et crédits 03-2025,https://www.bkam.ma/content/download/830714/9049079/Répartition par rayon d'action des dépôts et crédits 03 2025.pdf,Répartition par rayon d'action des dépôts et crédits 03 2025.pdf,1,1,8,43599126,3.74,80423703,6.25,460,03-2025,AGADIR
Répartition par rayon d'action des dépôts et crédits 03-2025,https://www.bkam.ma/content/download/830714/9049079/Répartition par rayon d'action des dépôts et crédits 03 2025.pdf,Répartition par rayon d'action des dépôts et crédits 03 2025.pdf,1,2,12,1474465,0.13,11334378,0.88,61,03-2025,ALHOCEIMA
Répartition par rayon d'action des dépôts et crédits 03-2025,https://www.bkam.ma/content/download/830714/9049079/Répartition par rayon d'action des dépôts et crédits 03 2025.pdf,Répartition par rayon d'action des dépôts et crédits 03 2025.pdf,1,3,16,9927508,0.85,45999050,3.57,242,03-2025,BENIMELLAL
Répartition par rayon d'action des dépôts et crédits 03-2025,https://www.bkam.ma/content/download/830714/9049079/Répartition par rayon d'action des dépôts et crédits 03 2025.pdf,Répartition par rayon d'action des dépôts et crédits 03 2025.pdf,1,4,25,738616109,63.38,454954711,35.35,1251,03-2025,SUCCURSALEDECASABLANCA
Répartition par rayon d'action des dépôts et crédits 03-2025,https://www.bkam.ma/content/download/830714/9049079/Répartition par rayon d'action des dépôts et crédits 03 2025.pdf,Répartition par rayon d'action des dépôts et crédits 03 2025.pdf,1,5,28,12197334,1.05,13765271,1.07,99,03-2025,LAAYOUNE
Répartition par rayon d'action des dépôts et crédits 03-2025,https://www.bkam.ma/content/download/830714/9049079/Répartition par rayon d'action des dépôts et crédits 03 2025.pdf,Répartition par rayon d'action des dépôts et crédits 03 2025.pdf,1,6,30,11835285,1.02,21244018,1.65,139,03-2025,ELJADIDA
Répartition par rayon d'action des dépôts et crédits 03-2025,https://www.bkam.ma/content/download/830714/9049079/Répartition par rayon d'action des dépôts et crédits 03 2025.pdf,Répartition par rayon d'action des dépôts et crédits 03 2025.pdf,1,7,35,23050280,1.98,52326339,4.07,347,03-2025,FES
Répartition par rayon d'action des dépôts et crédits 03-2025,https://www.bkam.ma/content/download/830714/9049079/Répartition par rayon d'action des dépôts et crédits 03 2025.pdf,Répartition par rayon d'action des dépôts et crédits 03 2025.pdf,1,8,45,14593109,1.25,29756457,2.31,168,03-2025,KENITRA
Répartition par rayon d'action des dépôts et crédits 03-2025,https://www.bkam.ma/content/download/830714/9049079/Répartition par rayon d'action des dépôts et crédits 03 2025.pdf,Répartition par rayon d'action des dépôts et crédits 03 2025.pdf,1,9,55,4646770,0.4,12912682,1.0,64,03-2025,LARACHE
Répartition par rayon d'action des dépôts et crédits 03-2025,https://www.bkam.ma/content/download/830714/9049079/Répartition par rayon d'action des dépôts et crédits 03 2025.pdf,Répartition par rayon d'action des dépôts et crédits 03 2025.pdf,1,10,60,35672083,3.06,78659881,6.11,372,03-2025,MARRAKECH
Répartition par rayon d'action des dépôts et crédits 03-2025,https://www.bkam.ma/content/download/830714/9049079/Répartition par rayon d'action des dépôts et crédits 03 2025.pdf,Répartition par rayon d'action des dépôts et crédits 03 2025.pdf,1,11,63,26052178,2.24,53949631,4.19,383,03-2025,MEKNES
Répartition par rayon d'action des dépôts et crédits 03-2025,https://www.bkam.ma/content/download/830714/9049079/Répartition par rayon d'action des dépôts et crédits 03 2025.pdf,Répartition par rayon d'action des dépôts et crédits 03 2025.pdf,1,12,66,6051477,0.52,50199025,3.9,183,03-2025,NADOR
Répartition par rayon d'action des dépôts et crédits 03-2025,https://www.bkam.ma/content/download/830714/9049079/Répartition par rayon d'action des dépôts et crédits 03 2025.pdf,Répartition par rayon d'action des dépôts et crédits 03 2025.pdf,1,13,70,1878895,0.16,9289279,0.72,68,03-2025,OUARZAZATE
Répartition par rayon d'action des dépôts et crédits 03-2025,https://www.bkam.ma/content/download/830714/9049079/Répartition par rayon d'action des dépôts et crédits 03 2025.pdf,Répartition par rayon d'action des dépôts et crédits 03 2025.pdf,1,14,73,13879787,1.19,49268380,3.83,283,03-2025,OUJDA
Répartition par rayon d'action des dépôts et crédits 03-2025,https://www.bkam.ma/content/download/830714/9049079/Répartition par rayon d'action des dépôts et crédits 03 2025.pdf,Répartition par rayon d'action des dépôts et crédits 03 2025.pdf,1,15,78,168960899,14.5,183423435,14.25,598,03-2025,SUCCURSALEDERABAT
Répartition par rayon d'action des dépôts et crédits 03-2025,https://www.bkam.ma/content/download/830714/9049079/Répartition par rayon d'action des dépôts et crédits 03 2025.pdf,Répartition par rayon d'action des dépôts et crédits 03 2025.pdf,1,16,80,7370951,0.63,15821911,1.23,110,03-2025,SAFI
Répartition par rayon d'action des dépôts et crédits 03-2025,https://www.bkam.ma/content/download/830714/9049079/Répartition par rayon d'action des dépôts et crédits 03 2025.pdf,Répartition par rayon d'action des dépôts et crédits 03 2025.pdf,1,17,83,8749013,0.75,19778080,1.54,138,03-2025,SETTAT
Répartition par rayon d'action des dépôts et crédits 03-2025,https://www.bkam.ma/content/download/830714/9049079/Répartition par rayon d'action des dépôts et crédits 03 2025.pdf,Répartition par rayon d'action des dépôts et crédits 03 2025.pdf,1,18,86,25298634,2.17,62369452,4.85,255,03-2025,TANGER
Répartition par rayon d'action des dépôts et crédits 03-2025,https://www.bkam.ma/content/download/830714/9049079/Répartition par rayon d'action des dépôts et crédits 03 2025.pdf,Répartition par rayon d'action des dépôts et crédits 03 2025.pdf,1,19,88,3733317,0.32,15244522,1.18,96,03-2025,TAZA
Répartition par rayon d'action des dépôts et crédits 03-2025,https://www.bkam.ma/content/download/830714/9049079/Répartition par rayon d'action des dépôts et crédits 03 2025.pdf,Répartition par rayon d'action des dépôts et crédits 03 2025.pdf,1,20,96,7739041,0.66,26396079,2.05,134,03-2025,TETOUAN
